run_id,location,week,variable,mae_model,mae_clim,pinball_model,pinball_clim,skill,n,kept
6,boundary_mean,2,rain_total,26.95384498560815,24.690632923041864,10.193276055415401,9.542282812402954,-0.09166278035968056,454,0
6,boundary_mean,3,rain_total,26.80408594649142,24.73844095504592,10.052376654719557,9.56532221114942,-0.08349940059679328,453,0
6,boundary_mean,4,rain_total,26.56044252295594,24.779082983708594,10.048679050407983,9.59001329272229,-0.07188964742636084,452,0
6,boundary_mean,2,rainy_days,1.0533946710542603,1.0288824608179234,0.373194444158801,0.3657515524144903,-0.023824111275889237,454,0
6,boundary_mean,3,rainy_days,1.0607054924404726,1.0280849839320039,0.3752781986966982,0.36566960319298836,-0.03172938912472856,453,0
6,boundary_mean,4,rainy_days,1.0731173730853534,1.0276031466821292,0.3784642285828279,0.3667428239391378,-0.04429163782748047,452,0
6,boundary_mean,2,tmax_mean,1.129573430918823,1.150337444366356,0.3649154523343073,0.37167253455950033,0.018050367350226137,454,0
6,boundary_mean,3,tmax_mean,1.1631501918375544,1.152564539382318,0.377492745507313,0.3727692285278373,-0.00918443357706411,453,0
6,boundary_mean,4,tmax_mean,1.1793397447327303,1.1538779937306947,0.38370196232076015,0.37296876319581856,-0.022066241960047472,452,0
6,boundary_mean,2,tmin_mean,0.8104951180126754,0.8108954777802432,0.2754545070865603,0.275728219219886,0.0004937254905696964,454,0
6,boundary_mean,3,tmin_mean,0.8126198951898298,0.8057044785018405,0.27589267401231066,0.2736173376195439,-0.008583068448183573,453,0
6,boundary_mean,4,tmin_mean,0.8263496541409382,0.803036882620329,0.28283267427377634,0.2730453045295051,-0.02903076063522647,452,0
6,dhading_besi,2,rain_total,30.776929947937766,27.2394347730519,11.505995621374158,10.552527173999401,-0.1298666879235515,454,0
6,dhading_besi,3,rain_total,30.08687397072665,27.307626342135514,11.368702546994339,10.58843596731569,-0.10177551112535821,453,0
6,dhading_besi,4,rain_total,29.694742125776497,27.35228027320164,11.28368572955773,10.622698935551053,-0.08564045955868194,452,0
6,dhading_besi,2,rainy_days,1.1214959092735053,1.1165425452604891,0.3872746336341167,0.3815442287218693,-0.004436341484739925,454,0
6,dhading_besi,3,rainy_days,1.1298060187434826,1.118914941515265,0.3887888057823088,0.3820074490998347,-0.009733606035744469,453,0
6,dhading_besi,4,rainy_days,1.154779100405483,1.1190741017686738,0.39468782012947234,0.3825438718235794,-0.031905839461728425,452,0
6,dhading_besi,2,tmax_mean,1.1960179384772978,1.2290374034233795,0.3884274168661399,0.39773773954318536,0.026866118845617626,454,0
6,dhading_besi,3,tmax_mean,1.2318948377747703,1.2298566234217165,0.3995794234701271,0.3984606690322109,-0.0016572780226877803,453,0
6,dhading_besi,4,tmax_mean,1.250836948074044,1.2297750977662778,0.40847490987397034,0.39835645599501435,-0.017126587085738,452,0
6,dhading_besi,2,tmin_mean,1.1526779973521455,1.1448681609425946,0.3813912747042962,0.3807385765068871,-0.006821603286723432,454,0
6,dhading_besi,3,tmin_mean,1.1510347567781563,1.1358488169184755,0.3782723280314608,0.3772364845884312,-0.01336968409306416,453,0
6,dhading_besi,4,tmin_mean,1.1703313524798502,1.1325839707409724,0.384779595033039,0.3761522503839526,-0.03332855021264547,452,0
6,kathmandu_valley,2,rain_total,34.852799698691435,31.560485100653974,13.146654442747485,12.14105247526433,-0.10431761703083708,454,0
6,kathmandu_valley,3,rain_total,34.78280470892138,31.62042422311918,13.02655967367176,12.172690265653381,-0.10001069130154283,453,0
6,kathmandu_valley,4,rain_total,34.79617963017251,31.678411552278593,12.973597910167635,12.206993940186011,-0.09841933118233204,452,0
6,kathmandu_valley,2,rainy_days,0.9904791520178294,0.9755787735769321,0.35004742087620094,0.3447917019628244,-0.015273372939701657,454,0
6,kathmandu_valley,3,rainy_days,0.9837254731262346,0.9751896232385503,0.3479614087060405,0.34470123112566026,-0.00875301550003904,453,0
6,kathmandu_valley,4,rainy_days,0.9911578914953858,0.9756052940923825,0.3508807611125845,0.3446252571143237,-0.015941485247342957,452,0
6,kathmandu_valley,2,tmax_mean,1.1235595324471337,1.1572095138413823,0.36353979594901986,0.3735478091095439,0.029078555777291126,454,0
6,kathmandu_valley,3,tmax_mean,1.1565475073507827,1.1593604387662857,0.3757125447347599,0.37472321353016635,0.0024262785941672194,453,0
6,kathmandu_valley,4,tmax_mean,1.1777548089381786,1.159928947104646,0.38363505426944505,0.37524166279258725,-0.01536806360254106,452,0
6,kathmandu_valley,2,tmin_mean,0.7728588472019715,0.7898773008980029,0.2568443113143554,0.26322490224998685,0.021545692826826723,454,0
6,kathmandu_valley,3,tmin_mean,0.7786792518510438,0.789271690446044,0.26048751363304046,0.26279157106487827,0.013420522645394728,453,0
6,kathmandu_valley,4,tmin_mean,0.8040807776221726,0.7882684577710013,0.26856187079901755,0.26275747305982866,-0.020059561809543824,452,0
6,kavre_dhulikhel,2,rain_total,31.103611006081593,28.25237707116914,11.711581405943715,10.869186473247145,-0.10092014302832131,454,0
6,kavre_dhulikhel,3,rain_total,31.161170028192803,28.307884972458194,11.636667246767015,10.895116775297565,-0.10079470997252815,453,0
6,kavre_dhulikhel,4,rain_total,31.14675484027218,28.359351037490807,11.644826621218831,10.922129632955118,-0.09828870199097461,452,0
6,kavre_dhulikhel,2,rainy_days,0.9371507496753212,0.9184447311327673,0.33680346117047866,0.32932806708783374,-0.02036705956109386,454,0
6,kavre_dhulikhel,3,rainy_days,0.9348817878810364,0.9186400476916335,0.33634832576899215,0.32932577056899404,-0.017680200455243877,453,0
6,kavre_dhulikhel,4,rainy_days,0.9419089712198792,0.9192689267254941,0.3375638409337238,0.3297931850122248,-0.02462831477947436,452,0
6,kavre_dhulikhel,2,tmax_mean,1.1165969929059685,1.1453170755351119,0.36027644158297656,0.369511005477251,0.02507609747783146,454,0
6,kavre_dhulikhel,3,tmax_mean,1.1511250870876675,1.146814325649638,0.3739030823682114,0.3706362764024171,-0.0037589009324483502,453,0
6,kavre_dhulikhel,4,tmax_mean,1.1704228308608249,1.1470216805082263,0.37950299711400093,0.3709632165446693,-0.020401663499708178,452,0
6,kavre_dhulikhel,2,tmin_mean,0.843948308485567,0.8383940119445474,0.28402680933488916,0.2838176548780045,-0.006624923916306535,454,0
6,kavre_dhulikhel,3,tmin_mean,0.8408553237956121,0.8358037239314146,0.28395620808416133,0.2828374432974525,-0.006044002580457564,453,0
6,kavre_dhulikhel,4,tmin_mean,0.8548569087066009,0.8354539308778237,0.2913702337101538,0.28223586513775284,-0.02322447368030245,452,0
6,makwanpur_hetauda,2,rain_total,25.244134646666755,23.255609598574537,9.712772239485616,9.196387319258475,-0.08550732844320308,454,0
6,makwanpur_hetauda,3,rain_total,25.23986827592736,23.309357636006414,9.71930899475426,9.212329054678719,-0.08282127161405972,453,0
6,makwanpur_hetauda,4,rain_total,25.122086682954407,23.351443780794447,9.651591580731386,9.227463969085578,-0.07582584266657788,452,0
6,makwanpur_hetauda,2,rainy_days,0.924534064042714,0.9080649453176675,0.33532662057934726,0.3238130794436327,-0.01813649872728562,454,0
6,makwanpur_hetauda,3,rainy_days,0.9252229777379882,0.9088205641798045,0.33488509219312906,0.32408752360041443,-0.018048022024002686,453,0
6,makwanpur_hetauda,4,rainy_days,0.9329031397554314,0.910056387385449,0.3341845582579846,0.32453590451202036,-0.02510476568998099,452,0
6,makwanpur_hetauda,2,tmax_mean,1.3111627294846424,1.3295365505726149,0.4263318306224801,0.4402687980789325,0.013819718668177328,454,0
6,makwanpur_hetauda,3,tmax_mean,1.3495936756729314,1.3302079089242655,0.4404550823567034,0.44049297892169925,-0.01457348630887556,453,0
6,makwanpur_hetauda,4,tmax_mean,1.3636995104300236,1.331692420292018,0.448778436454887,0.4402567857216737,-0.024034896985436704,452,0
6,makwanpur_hetauda,2,tmin_mean,0.8513151415297838,0.839311141906233,0.28229276324919783,0.27981915321357437,-0.014302204539174301,454,0
6,makwanpur_hetauda,3,tmin_mean,0.8626093402425026,0.8374125576172917,0.28674841566249193,0.2790797362934643,-0.03008885213866841,453,0
6,makwanpur_hetauda,4,tmin_mean,0.8656487278901979,0.8376484429540141,0.28725970261575084,0.27926228357279936,-0.03342725121942469,452,0
6,nuwakot_bidur,2,rain_total,29.176921696259416,26.260523724667145,10.864305520150232,10.014918138731186,-0.11105635219501853,454,0
6,nuwakot_bidur,3,rain_total,28.82437628047525,26.315776117924415,10.714542315851814,10.041005645442802,-0.09532685455710932,453,0
6,nuwakot_bidur,4,rain_total,28.49389645013417,26.346164986040005,10.65160448380913,10.065785798924926,-0.08151969993477914,452,0
6,nuwakot_bidur,2,rainy_days,1.1927243476414287,1.175041015997275,0.41542224511468634,0.40744277573786486,-0.015049118629399949,454,0
6,nuwakot_bidur,3,rainy_days,1.203268295113846,1.1762854643409646,0.4186113751016968,0.40804546495835614,-0.022939015732885037,453,0
6,nuwakot_bidur,4,rainy_days,1.2181963485025473,1.1732350726026424,0.4198370763526952,0.4071622608542578,-0.03832247854657567,452,0
6,nuwakot_bidur,2,tmax_mean,1.1514630446911207,1.175234706369885,0.3736125910121696,0.3803984886566696,0.020227161051251774,454,0
6,nuwakot_bidur,3,tmax_mean,1.1803400966351019,1.1795946481791117,0.38373986926850406,0.38161608236437267,-0.0006319530672174167,453,0
6,nuwakot_bidur,4,tmax_mean,1.1967517381509174,1.1813048610350187,0.3885657511230431,0.38244864426701625,-0.013076114071320033,452,0
6,nuwakot_bidur,2,tmin_mean,1.0747779556636725,1.0917230279773587,0.3680815085708795,0.3679903562455633,0.015521402296588382,454,0
6,nuwakot_bidur,3,tmin_mean,1.0730486217875113,1.0858781083005187,0.3669551468711294,0.3655964550698933,0.01181484958112522,453,0
6,nuwakot_bidur,4,tmin_mean,1.1054572998348957,1.0836856797990926,0.37889157263994344,0.3644183799536875,-0.020090345790893416,452,0
6,sindhupalchok,2,rain_total,27.824030302420226,26.071873704582238,10.303604833255795,9.779954267013467,-0.06720485906350637,454,0
6,sindhupalchok,3,rain_total,27.451653686984034,26.12921017003607,10.143918256459068,9.804993008791424,-0.05061169121998521,453,0
6,sindhupalchok,4,rain_total,27.466291000669372,26.1735192410405,10.222745675457983,9.828706792096238,-0.04939235521686314,452,0
6,sindhupalchok,2,rainy_days,1.0664791793374917,1.0692260823841941,0.37313372705297065,0.37108994759591724,0.0025690572760601604,454,0
6,sindhupalchok,3,rainy_days,1.0632980764604065,1.069430333478419,0.3733726561772126,0.3710841229479381,0.005734134170354732,453,0
6,sindhupalchok,4,rainy_days,1.0677780157311707,1.0667246585914345,0.37349349617002897,0.369785805588404,-0.0009874686323714243,452,0
6,sindhupalchok,2,tmax_mean,1.1445762718267687,1.177722317881322,0.36882267858396967,0.37679440602531655,0.02814419456207795,454,0
6,sindhupalchok,3,tmax_mean,1.168127863980105,1.1796085109783498,0.3767951517128405,0.37854792998760467,0.009732590848062883,453,0
6,sindhupalchok,4,tmax_mean,1.196545158051854,1.1782598987847603,0.3841349973789777,0.3780898412584936,-0.015518867514673795,452,0
6,sindhupalchok,2,tmin_mean,1.1834951500577051,1.2185643099353385,0.40460555428732603,0.41023008830066787,0.028779080095899356,454,0
6,sindhupalchok,3,tmin_mean,1.2006204737360673,1.2112025314510675,0.40723315901486073,0.40662261404367483,0.008736819351196745,453,0
6,sindhupalchok,4,tmin_mean,1.2528326994021126,1.2093225392393927,0.4191484810808691,0.4052298619654533,-0.03597895412590746,452,0
